Title,Subtitle,Pronoun,Chinese,English,URL,Category,Image_FileName,,
～ぶ,～部,～bu,部門,department (in an organization),,JPN5,,,
～じ,～時,~ji,時, ～o'clock,,JPN5,,,
～かい,～階,～kai,~層, ～floor,,JPN5,,,
～こ,～個,~ko,個,counter suffix for small things,,,,,
～まい,～枚,～mai,枚, counter for thin objects,,JPN5,,,
～ねん,～年,~nen,~年, ～th year,,JPN5,,,
ああ,,aa,啊,Ah! / Oh!,,JPN5,,,
あびる,浴びる,abiru,沐浴,to take (a shower),,,,,
あぶない,危ない,abunai,危險,dangerous,,,,,
あっち,彼方,acchi,,over there,,,,,
あちら,,achira,那兒(方位), over there (polite),,JPN5,,,
あげる,,ageru,放,to give,,,,,
あげる,上げる,ageru,提高,to raise / lift (up),,,,,
アジア,,ajia,亞洲,Asia,,,,,
あか,赤,aka,紅色的,red,,,,,
あかい,赤い,akai,紅色的,red,,,,,
あかるい,明るい,akarui,明亮,bright,,,,,
あける,開ける,akeru,打開,open,,,,,
あき,秋,aki,秋,fall,,,,,
あきはばら,秋葉原,akihabara,秋葉原,Akihabara,,n,,,
あく,空く,aku,空的,to become empty / become vacant,,,,,
あまい,甘い,amai,甜,sweet,,,,,
あまり,,amari,不多,not much,,,,,
あめ,雨,ame,雨,rain,,,,,
アメリカ,,amerika,美國, USA/America,,JPN5,,,
あなた,,anata,你, you,,JPN5,,,
あね,姉,ane,姐姐,elder sister(When talking about your own mom),,,,,
あに,兄,ani,兄(自己),elder brother,,JPN5,,,
アニメ,,anime,日本卡通,animation / cartoons,,,,,
あの,,ano,那,that,,JPN5,,,
あのかた,あの方,anokata,那人, that person,,JPN5,,,
あお,青,ao,藍色的,blue,,,,,
あおい,青い,aoi,藍色的,blue,,,,,
アパート,,apato,公寓,apartment house,,,,,
あらう,洗う,arau,洗,to wash,,,,,
あれ,,are,那,that,,JPN5,,,
ある,,aru,那裏有, there is / are,,JPN5,,,
アルバイト,,arubaito,兼職工作,part-time job,,,,,
あるいて,歩いて,aruite,走,on foot,,,,,
あるく,歩く,aruku,走,to walk,,G1,,,
あさ,朝,asa,朝, morning,,JPN5,,,
あさごはん,朝ご飯,asagohan,,breakfast ,,,,,
あさくさ,浅草,asakusa,浅草,Asakusa,,,,,
あさって,,asatte,後天, the day after tomorrow,,JPN5,,,
あし,足,ashi,腳,foot,,,,,
あした,明日,ashita,明日, tomorrow,,JPN5,,,
あそぶ,遊ぶ,asobu,玩,to play,,,,,
あそこ,,asoko,那裏(遠), over there,,JPN5,,,
あたま,頭,atama,頭,head,,,,,
あたらしい,新しい,atarashī,新的,new,,,,,
あと,後,ato,,after ,,,,,
あつい,熱い／暑い,atsui,熱的(天氣/物件),hot (for weather/objects),,,,,
あたたかい,暖かい,attakai,溫暖的,warm,,,,,
あう,会う,au,見面, to meet,,,,,
～ばん,～番,ban,號碼,number,,,,,
ばんごはん,晩御飯,bangohan,,dinner ,,,,,
ばんぐみ,番組,bangumi,電視節目,TV program,,,,,
バス,（ばす）,basu,巴士,bus,,,,,
バスケットボール,,basukettobooru,籃球,basketball,,,,,
べんごし,弁護士,bengoshi,律師,lawyer,,,,,
べんきょう,勉強,benkyo,學習,study / to study,,,,,
べんり,便利,benri,方便,convenient,,,,,
べんとう,弁当,bento,便當,bentoo (lunch box),,,,,
べつべつ,別々,betsubetsu,分別地,separation / separately,,,,,
ビール,,biiru,啤酒,beer,,,,,
びじゅつかん,美術館,bijutsukan,美術館, art museum,,JPN5,,,
ビル,,biru,building,,,,,,
びようし,美容師,biyōshi,理髮師,hairdresser,,,,,
ぼく,僕,boku,僕人/我(男子用自稱), I (used by men),,,,,
ぼうねんかい,忘年会,bonenkai,年終宴會,year-end party,,,,,
ボールペン,,boorupen,原子筆,ballpoint pen,,JPN5,,,
ぼうし,帽子,boshi,帽子,hat / cap,,,,,
ぼたん（ボタン）,,botan,,button,,,,,
ぶちょう,部長,buchoo,經理, manager,,JPN5,,,
ぶんぽう,文法,bunpo,語法,grammar,,,,,
ぶたにく,豚肉,butaniku,豬肉,pork,,,,,
びょうき,病気,byoki,病,disease,,,,,
～びょう,～秒,byou,幾秒, ～second,,JPN5,,,
びょういん,病院,byouin,醫院, hospital,,JPN5,,,
チェックアウト,,chekkuauto,退房,check out / to check out,,,,,
チェックイン,,chekuin,旅館登記,check in / to check in,,,,,
ちゅうもん,,chi-yuumon,下單/點菜,order / to order,,,,,
ちば,千葉,chiba,千葉,Chiba,,,,,
ちち,父,chichi,父親(自己),father (When talking about your own father),,JPN5,,,
ちかい,近い,chikai,附近,near,,,,,
ちかく,近く,chikaku,接近,nearby,,,,,
ちかてつ,地下鉄,chikatetsu,地鐵,subway,,,,,
チケット,,chiketto,票,ticket,,,,,
ちいさい,小さい,chīsai,小的,small,,,,,
ちょっと,,chotto,一點點,a little,,,,,
ちょうど,,choudo,正好,just,,,,,
ちゅうがっこう,中学校,chugakko,國中,junior-high school,,,,,
～じゅう,～中,churu,中間,in the middle of,,,,,
ちゅうがくせい,中学生,chuugakusei,中學生,junior high school student,,,,,
ちゅうごく,中国,chuugoku,中國, China,,JPN5,,,
だいどころ,台所,daidokoro,廚房,kitchen,,,,,
だいがく,大学,daigaku,大學, university,,JPN5,,,
だいがくせい,大学生,daigakusei,大學生,university student,,,,,
だいじょうぶ,大丈夫,daijoubu,沒問題, all right/ok,,JPN5,,,
だめ,,dame,no good / no use / impossible,,,な-adj.,,,
だんだん,段々,dandan,,little by,little,,,,
ダンス,,dansu,跳舞,dance / to dance,,,,,
だれ,誰,dare,誰,who,,JPN5,,,
だす,出す,dasu,拿出/寄出,to take out,,,,,
でぐち,出口,deguchi,出口,exit,,,,,
でかける,出かける,dekakeru,即將離開,to go out,,,,,
できる,出来る,dekiru,能/會,can,,,,,
でんき,電気,denki,電,electricity,,,,,
でんしゃ,電車,densha,電車,train,,,,,
でんしじしょ,電子辞書,denshijisho,電子詞典,electronic dictionary,,,,,
でんわ,電話,denwa,電話,phone / to call,,,,,
でんわかいぎ,電話会議,denwakaigi,電話会議,conference call,,,,,
デパート,でぱあと,depaato,百貨公司, department store,,JPN5,,,
でる,出る,deru,出來,to go out / leave,,,,,
デザイナー,,dezainā,設計師,designer,,,,,
ドア,どあ,doa,門,door,,,,,
どうぶつえん,動物園,dōbu~tsuen,動物園,zoo,,,,,
どうぶつ,動物,dobutsu,動物,animal,,,,,
どちら,,dochira,哪兒, which /where (polite) where,,JPN5,,,
ドイツ,,doitsu,德國, Germany,,JPN5,,,
どこ,,doko,哪裏, where,,JPN5,,,
どなた,,donata,誰(禮貌), who (a polite way),,JPN5,,,
どの,,dono,哪個,which,,JPN5,,,
どうぞ,,doozo,請,"please, here you are",,JPN5,,,
どれ,,dore,哪個,which,,JPN5,,,
ドル,,doru,美元/元,dollars,,,,,
どうとんぼり,道頓堀,Dotonbori,道頓堀, Dotonbori,,,,,
どう,,dou,如何/怎樣,how / what,,,,,
どうして,,doushite,爲什么,Why,,,,,
どようび,土曜日,doyoubi,星期六, Saturday,,JPN5,,,
え,絵,e,畫,picture,,JPN5,,,
エアコン,（えあこん）,eakon,冷氣機,air conditioner,,,,,
えいが,映画,eega,,movie ,,,,,
えいがかん,映画館,eigakan,戲院, movie theatre,,JPN5,,,
えいご,英語,eigo,English,,,,,,
えき,駅,eki,車站,station,,,,,
えきいん,駅員,ekiin,車站工作人員,station attendant,,,,,
えんぴつ,鉛筆,empitsu,鉛筆,pencil,,JPN5,,,
エンジニア,,enjinia,工程師, engineer,,JPN5,,,
エレベーター,,erebeetaa,電梯, elevator,,JPN5,,,
ふべん,不便,fuben,不便,inconvenient,,,,,
ふじさん,富士山,fujisan,富士山,Mt. Fuji,,,,,
ふく,服,fuku,服裝,clothes,,,,,
ふく,吹く,fuku,to blow (wind),,,,,,
～ふん,～分,fun,分鐘, ～minute,,JPN5,,,
ふね,船,fune,船,boat,,,,,
フランス,,furansu,法國,France,,,,,
ふる,降る,furu,下/降,to fall (rain / snow),,,,,
ふろ,風呂,furu,洗澡,bath,,,,,
ふるい,古い,furui,舊的,old,,,,,
ふたえき,二駅,futaeki,兩站,two stations,,,,,
ふたり,二人,futari,兩人,two people,,JPN5,,,
ふたつ,2つ,futatsu,二個,two (used when counting things),,,,,
ふうとう,封筒,fuutoo,,envelope ,,,,,
ふゆ,冬,fuyu,冬,winter,,,,,
ふゆやすみ,冬休み,fuyuyasumi,寒假,winter vacation,,,,,
がいこく,外国,gaikoku,,foreign ,,,,,
がっこう,学校,gakkoo,學校, school,,JPN5,,,
がくせい,学生,gakusee,學生, student,,JPN5,,,
がんばる,頑張る,ganbaru,盡我所能,to do one's best,,,,,
～がつ,～月,gatsu,~月, ~mth,,JPN5,,,
～がわ,～側,gawa,旁邊, ～side,,JPN5,,,
げんき,元気,genki,活力,energy / energetic / healthy,,,,,
げつようび,月曜日,getsuyoubi,星期一, Monday,,JPN5,,,
ぎんこういん,銀行員,ginkoin,銀行職員, bank staff,,,,,
ぎんこう,銀行,ginkou,銀行, bank,,JPN5,,,
ぎんざ,銀座,ginza,銀座,Ginza,,n,,,
ギター,,gitaa,結他/吉他,guitar,,,,,
ご,～語,go,語, language,,JPN5,,,
ごご,午後,gogo,下午, afternoon / pm,,JPN5,,,
ごはん,ご飯,gohan,米飯,a meal / rice,,,,,
ごしゅじん,ご主人,goshujin,,husband (other's),,,,,
ごぜん,午前,gozen,早上, morning / am,,JPN5,,,
グローバル,,gurobaru,環球,global,,,,,
ぎゅうどん,牛丼,gyudon,牛丼,beef rice bowl,,,,,
ぎゅうにく,牛肉,gyuniku,牛肉,beef,,,,,
ぎゅうにゅう,牛乳,gyunyu,牛奶,milk,,,,,
は,歯,ha,牙齒,teeth,,,,,
はは,母,haha,母親(自己的),mother(When talking about your own mom),,JPN5,,,
～はい,～杯,hai,杯,counters for drinks in cups and glasses,,,,,
はいる,入る,hairu,進入,to enter / come into,,,,,
はじまる,始まる,hajimaru,開始,to begin,,,,,
はじめて,,hajimete,最初/初次,first time (doing something),,,,,
はく,履く,haku,穿(鞋),to wear (clothing below the waist),,,,,
はん,半,han,半, half,,JPN5,,,
ばん,晩,han,晚上, evening,,JPN5,,,
はな,鼻,hana,鼻,nose,,,,,
はな,花,hana,,flower ,,,,,
はなし,話,hanashi,,"story,speech ",,,,,
はなす,話す,hanasu,說話,to talk / to speak,,,,,
はなや,花屋,hanaya,花店,flower shop,,,,,
ハンバーガー,,hanbaga,漢堡,hamburger,,,,,
ハンカチ,,hankachi,手帕,handkerchief,,,,,
ハッピーゆうえんち,ハッピー遊園地,happiyuenchi,歡樂遊樂園,an amusement park name,,,,,
はれ,晴れ,hare,天晴,clear weather,,,,,
はれる,晴れる,hareru,解除,to clear (up),,,,,
はる,春,haru,春,spring,,,,,
はるやすみ,春休み,haruyasumi,春假,spring vacation,,,,,
はし,橋,hashi,橋,bridge,,,,,
はしる,走る,hashiru,跑步,to run,,G1,,,
はたち,二十歳,hatachi,,20 years,old,,,,
はたらく,働く,hataraku,工作,to work,,,,,
はやい,早い／速い,hayai,早/快的,early/fast,,,,,
へた,下手,heta,不擅長,to be bad at,,,,,
へや,部屋,heya,房間, room,,JPN5,,,
ひ／にち,日,hi/nichi,日, day,,JPN5,,,
ひだり,左,hidari,左, left,,JPN5,,,
ひがし,東,higashi,,east ,,,,,
～ひき,～匹,hiki,隻/匹,counters for small animals,,,,,
ひこうき,飛行機,hikoki,飛機,airplane,,,,,
ひく,弾く,hiku,彈(樂器),to play (a musical instrument),,,,,
ひく,引く,hiku,拉/患(感冒),pull / to catch (a cold),,,,,
ひま,暇,hima,空閒,free,,,,,
ひらがな,平仮名,hiragana,平假名,hiragana (cursive syllabary),,,,,
ひろい,広い,hiroi,寬,wide,,,,,
ひる,昼,hiru,日間, daytime,,JPN5,,,
ひるごはん,昼ご飯,hirugohan,,lunch ,,,,,
ひと,人,hito,人,human / people,,JPN5,,,
ひとつ,1つ,hitotsu,一個,one (used when counting things),,,,,
ほか,他,hoka,別的/他人,other,,,,,
ほっかいどう,北海道,hokkaido,北海道,Hokkaido,,,,,
ほん,本,hon,書, book,,JPN5,,,
～ほん,～本,hon,本,counters for thin and long things,,,,,
ほんとう,本当,hontou,真的, truth/really,,JPN5,,,
ほんや,本屋,honya,書店,bookstore,,,,,
ほしい,欲しい,hoshi,想要/希望得到,to want,,,,,
ホテル,,hoteru,酒店,hotel,,,,,
ほう,,hou,方向,side / way,,,,,
ひゃく,百,hyaku,百,hundred,,JPN5,,,
いちばん,,ichiban,第一,best / most,,,,,
いえ,,ie,家,house,,,,,
いいえ,,iie,不, no,,JPN5,,,
いく,行く,iku,去, to go,,JPN5,,,
いくら,,ikura,多少錢,how much,,,,,
いくつ,幾つ,ikutsu,幾個/幾歲,how old / how many,,,,,
いま,今,ima,現在, now,,JPN5,,,
いみ,意味,imi,,meaning ,,,,,
いもうとさん,妹さん,imootosan,,younger sister,(others),,,,
いもうと,妹,imoto,妹妹,younger sister,,,,,
インド,,indo,印度, India,,JPN5,,,
インドネシア,,indoneshia,印尼,Indonesia,,,,,
インターネット,,intaanetto,互聯網,Internet,,,,,
いぬ,犬,inu,狗,dog,,JPN5,,,
いりぐち,入口,iriguchi,入口,entrance,,,,,
いろ,色,iro,顏色,Colour,,,,,
いろいろ,色々,iroiro,,various ,,,,,
いしゃ,医者,isha,醫生, doctor,,JPN5,,,
いそがしい,忙しい,isogashī,忙碌的,busy,,,,,
いっしょ,,issho,一起, together / with,,,,,
いす,椅子,isu,椅子,chair,,JPN5,,,
ITきぎょう,IT企業,IT kigyo,資訊科技公司,IT company,,,,,
いたい,痛い,itai,痛,painful,,,,,
イタリア,,itaria,義大利,Italy,,,,,
いつ,,itsu,何時, when,,JPN5,,,
いつも,,itsumo,每次,always,,,,,
いう,言う,iu,說/講,to say,,,,,
ジャパン,,japan,日本,Japan,,,,,
じどうはんばいき ,自動販売機,jidoohambaiki,自動售賣機, vending machine,,JPN5,,,
じかい,次回,jikai,下次,next time,,,,,
じかん,時間,jikan,時間,time,,,,,
じむ,事務,jimu,事務/公事,office work,,JPN5,,,
じん,～人,jin,~人, a country's people,,JPN5,,,
じしょ,辞書,jisho,辭典,dictionary,,,,,
じてんしゃ,自転車,jitensha,單車,bicycle,,,,,
じょうぶ,丈夫,jobu,耐用的,strong / solid,,,,,
じょうず,上手,jouzu,占上方,to be good at,,,,,
じゅぎょう,授業,jugyou,教課,class,,,,,
じゅんび,準備,junbi,準備,preparation / to prepare,,,,,
じゅんちょう,順調,juncho,進展順利,satisfactory / smooth,,n,,,
じゅう,十,juu,十,ten,,JPN5,,,
ジュース,,juusu,果汁,juice,,JPN5,,,
かばん,鞄,kaban,錢包,bag,,JPN5,,,
かびん,花瓶,kabin,,(flower) vase,,,,,
かぶる,被る,kaburu,戴上,put on (one's hat),,,,,
かぶしきがいしゃ,株式会社,kabushikigaisha,有限公司,Co., Ltd.,,,,
かちょう,課長,kachoo,課長, section chief,,JPN5,,,
かえる,帰る,kaeru,回家,to go back / return,,,,,
かえす,返す,kaesu,歸還,to return,,,,,
かぐ,家具,kagu,furniture,,,,,,
～かい,～回,kai,次數,counters for frequency,,,,,
かいだん,階段,kaidan,臺階, stairs,,JPN5,,,
かいがい ,海外,kaigai,海外,overseas,,JPN5,,,
かいぎ,会議,kaigi,會議, meeting,,JPN5,,,
かいぎしつ,会議室,kaigishitsu,會議室, meeting room,,JPN5,,,
かいけい,会計,kaikei,會計/,payment / to pay,,,,,
かいもの,買い物,kaimono,購物,shopping / to go shopping,,,,,
かいしゃ,会社,kaisha,公司,company,,JPN5,,,
かいしゃいん,会社員,kaishain,雇員, employee,,JPN5,,,
かいわ,会話,kaiwa,會話,conversation / to converse,,,,,
かかる,,kakaru,需要(時間/金錢),to take time / money,,,,,
かく,書く,kaku,寫,to write,,G1,,,
えがく,描く,egaku,畫畫,to draw,,,,,
かめら（カメラ）,,kamera,,camera,,,,,
かみ,紙,kami,,paper ,,,,,
かながわ,神奈川,kanagawa,神奈川,Kanagawa,,,,,
かね,金,kane,金錢,money,,,,,
かんじ,漢字,kanji,漢字,Kanji (Chinese characters),,,,,
かんこく,韓国,kankoku,韓國, Korea,,JPN5,,,
かのじょ,彼女,kanojo,她,she,,,,,
かんらんしゃ,観覧車,kanransha,摩天輪,ferries wheel,,,,,
かお,顔,kao,臉,face,,,,,
から,,kara,來自, from,,JPN5,,,
からだ,体,karada,身體,body,,,,,
カラオケ,,karaoke,卡拉OK,karaoke,,,,,
かれ,彼,kare,他,he,,,,,
カレー（ライス）,,kare (raisu),咖哩(飯),curry,,,,,
かれんだー（カレンダー）,,karendaa,,calendar,,,,,
かりる,借りる,kariru,借入,to borrow,,G1,,,
かさ,傘,kasa,傘,umbrella,,JPN5,,,
かす,貸す,kasu,借出,to lend,,G1,,,
カタカナ,,katakana,片假名,katakana (syllabic writing),,,,,
かつ,勝つ,katsu,勝,to win,,,,,
かう,買う,kau,買,to buy,,G1,,,
かわいい,可愛い,kawaii,可愛的,cute / lovely,,,,,
かようび,火曜日,kayoubi,星期二, Tuesday,,JPN5,,,
かぜ,風,kaze,風,wind,,,,,
かぜ,風邪,kaze,傷風/感冒,a cold (illness),,,,,
かぞく,家族,Kazoku,家族,family,,JPN5,,,
かずこ,和子,kazuko,和子,Kazuko (a Japanese girl's first name),,,,,
ケーキ,,keeki,蛋糕,cake,,,,,
けいさつかん,警察官,keisatsukan,警官,policeman,,,,,
けいさつしょ,警察署,keisatsusho,警察局,police station,,,,,
けいたいでんわ,携帯電話,keitaidenwa,移動電話,cellphone,,,,,
けっこん,,kekkon,婚姻,marriage / to get married,,n/G3,,,
けんきゅう,研究,kenkyū,研究,research / to research,,,,,
けさ,今朝,kesa,今朝, this morning,,JPN5,,,
けす,消す,kesu,關閉/去掉,to turn off / erase,,,,,
き,木,ki,樹,tree,,,,,
きえる,消える,kieru,消失,to disappear,,,,,
きく,聞く,kiku,聽,to hear,,,,,
きんかくじ,金閣寺,Kinkakuji,金閣寺, Golden Pavilion in Kyoto,,,,,
きのう,昨日,kinou,昨天, yesterday,,JPN5,,,
きんようび,金曜日,kinyoubi,星期五, Friday,,JPN5,,,
きっぷ,切符,kippu,票,ticket,,,,,
きらい,嫌い,kirai,不喜歡,hate,,,,,
きれい,綺麗,kiree,美麗,beautiful,,JPN5,,,
きる,着る,kiru,穿,to wear (clothing above the waist),,,,,
きっさてん,喫茶店,kissaten,飲食店/咖啡館,coffee shop,,,,,
きた,北,kita,,north ,,,,,
きたない,汚い,kitanai,骯髒,dirty,,,,,
きって,切手,kitte,郵票,stamp,,,,,
こうばん,交番,koban,警察崗亭,police box,,,,,
こっち,此方,kocchi,,here ,,,,,
こちら,,kochira,這兒(方位), this side / this place (polite) this place (polite),,JPN5,,,
こども,子供,kodomo,兒童,child,,,,,
こうえん,公園,koen,公園,park,,n,,,
こい,濃い,koi,濃,thick,,,,,
ここ,,koko,這裏, here,,JPN5,,,
コーラ,（こおら）,kola,可樂,cola,,n,,,
こまる,困る,komaru,困難,to have trouble,,,,,
コンピューター,,kompyuutaa,電腦,computer,,JPN5,,,
こんばん,今晩,konban,今晚, this evening,,JPN5,,,
コンビニ,,konbini,便利店,convenience store,,,,,
こんど,今度,kondo,現在/這次, now/this time,,JPN5,,,
こんげつ,今月,konketsu,這月, this month,,JPN5,,,
この,,kono,這,this,,JPN5,,,
このへん,この辺,konohen,,near here,,,,,
コンサート,,konsaato,音樂會,concert,,,,,
こんしゅう,今週,konshuu,今周, this week,,JPN5,,,
こうちゃ,紅茶,koocha,紅茶,black tea,,JPN5,,,
コーヒー,,koohii,咖啡, coffee,,JPN5,,,
こうこう,高校,kookoo,高中, high school,,JPN5,,,
コート,,kooto,外套,coat,,,,,
これ,,kore,這,this,,JPN5,,,
ごろ,頃,koro,時候/時期/…前後,about / around (used for time),,,,,
こたえ,答え,kotae,答覆,answer,,,,,
こたえる,答える,kotaeru,解答/答覆,answer,,,,,
ことば,言葉,kotoba,,"language, phrase",,,,,
ことし,今年,kotoshi,這年, this year,,JPN5,,,
こうこうせい,高校生,koukousei,高中生,high school student,,,,,
くち,口,kuchi,嘴,mouth,,,,,
くだもの,果物,kudamono,水果,fruit,,,,,
くうこう,空港,kuko,機場,airport,,,,,
くもり,曇り,kumori,陰天,cloudy weather,,,,,
くに,国,kuni,國家, country/nation,,JPN5,,,
くらい,暗い,kurai,暗,dark,,,,,
クラス,,kurasu,(學校的)班,class,,,,,
くろい,黒い,kuroi,黑色的,black,,,,,
くろ,黒,kuro,黑色,black,,,,,
くる,来る,kuru,來, to come,,JPN5,,,
くるま,車,kuruma,車, car,,JPN5,,,
くすり,薬,kusuri,藥物,medicine,,,,,
くつ,靴,kutsu,鞋,shoes,,,,,
くつした,靴下,kutsuta,襪子,socks,,,,,
くつや,靴屋,kutsuya,鞋店,shoe store,,,,,
きゃく,客,kyaku,顧客,customer,,,,,
しゅみ,趣味,kyomi,興趣,interest / hobby,,,,,
きょねん,去年,kyonen,去年, last year,,JPN5,,,
きょうしつ,教室,kyooshitsu,課室, classroom,,JPN5,,,
きょうし,教師,kyoshi,老師,teacher,,,,,
きょう,今日,kyou,今日, today,,JPN5,,,
まち,町／街,machi,鎮,town,,,,,
まだ,,mada,尚未,not yet,,,,,
～まで,,made,直到~, until ~,,JPN5,,,
まど,窓,mado,窗戶,window,,,,,
まえ,前,mae,前, the front,,JPN5,,,
まがる,曲がる,magaru,彎曲,to turn,,,,,
まい,毎～,mai,每, every ～,,JPN5,,,
まいあさ,毎朝,maiasa,,every morning,,,,,
まいばん,毎晩,maiban,,every night,,,,,
まいにち,毎日,mainichi,每天, every day,,JPN5,,,
まいしゅう,毎週,maishuu,,every week,,,,,
まいとし,毎年,maitoshi,,every year,,,,,
まいつき,毎月,maitsuki,,every month,,,,,
まじめ,真面目,majime,認真的,serious / honest,,,,,
まん,万,man,萬,ten thousand,,JPN5,,,
まんが,漫画,manga,漫畫,comic book,,,,,
まんねんひつ,万年筆,mannenhitsu,鋼筆,fountain pen,,JPN5,,,
マンション,,manshon,公寓,condominium,,,,,
マレーシア,,mareshia,馬來西亞,Malaysia,,,,,
まっすぐ,,massugu,直的,straight,,,,,
また,,mata,還有,again,,n,,,
まつ,待つ,matsu,等待,to wait,,,,,
まずい,,mazui,難吃,bad‐tasting / poor quality,,,,,
め,目,me,眼睛,eye,,,,,
メーカー,,me-ka-,製作者,maker,,,,,
めいし,名刺,meeshi,名片,business card,,JPN5,,,
めがね,眼鏡,megane,,glasses ,,,,,
めい,名,mei,名(人數),counter suffix for people,,,,,
メートル,,metoru,米/公尺,meters,,,,,
みち,道,michi,路,road / street,,,,,
みがく,磨く,migaku,擦,to brush,,,,,
みぎ,右,migi,右, right,,JPN5,,,
みじかい,短い,mijikai,短,short,,,,,
みかん,蜜柑,mikan,柑橘,tangerine,,,,,
みみ,耳,mimi,耳,ear,,,,,
みなみ,南,minami,,south ,,,,,
みなさん,皆さん,minasan,大家,everyone,,,,,
みんな,,minna,大家,everyone,,,,,
みのり,,minori,美乃里,Minori (a Japanese girl's first name),,,,,
みる,見る,miru,看,see,,,,,
みせ,店,mise,店鋪,shop/store,,,,,
みせる,見せる,miseru,顯示,to show,,,,,
みそしる,みそ汁,misoshiru,味噌湯,miso soup,,n,,,
ミス,,misu,錯誤,mistake,,,,,
みず,水,mizu,水,water,,JPN5,,,
もちろん,,mochiron,當然,sure / of course,,,,,
もどる,戻る,modoru,返回,to return; to come back,,,,,
もくようび,木曜日,mokuyoubi,星期四, Thursday,,JPN5,,,
もんだい,問題,mondai,問題,problem / question,,,,,
もの,物,mono,物,things,,,,,
もらう,,morau,收到,to receive,,,,,
もしもし,,moshimoshi,,Hello!  (answering by phone),,,,,
もつ,持つ,motsu,有,to have / to possess / to hold,,,,,
もっと,,motto,再/多一點,more,,,,,
もう,,mou,已經,already,,,,,
むずかしい,難しい,muzukashī,難的,difficult,,,,,
ながい,長い,nagai,長,long,,,,,
ながの,長野,nagono,長野,Nagano,,,,,
なか,中,naka,裏面, inside,,JPN5,,,
なまえ,名前,namae,姓名, name,,JPN5,,,
なんがつ,何月,nangatsu,哪月, what month,,JPN5,,,
なに,何,nani,什麼,what,,,,,
なんめい,何名,nani-mei,多少人,how many people,,,,,
なんじ,何時,nanji,幾點, what time,,JPN5,,,
なんかい,何階,nankai,哪一層, which floor,,JPN5,,,
なんねん,何年,nannen,哪年, which year,,JPN5,,,
なんにん,何人,nannin,多少人,how many people,,JPN5,,,
なんぷん,何分,nanpun,幾分, what minute,,JPN5,,,
なんようび,何曜日,nanyoubi,星期幾, what day of the week,,JPN5,,,
ならう,習う,narau,學習,to learn,,G1,,,
なる,,naru,成爲,to become,,,,,
なし,梨,nashi,梨,pear,,,,,
なつ,夏,natsu,夏,summer,,,,,
なつやすみ,夏休み,natsuyasumi,暑假,summer vacation,,,,,
ねこ,猫,neko,貓,cat,,JPN5,,,
～ねんせい,～年生,nensei,~年級,student in～year,,,,,
ねる,寝る,neru,睡覺,to sleep,,,,,
にちようび,日曜日,nichiyoubi,星期天, Sunday,,JPN5,,,
にがい,苦い,nigai,苦,bitter,,,,,
にぎやか,賑やか,nigiyaka,忙碌的,lively / busy,,,,,
にほん,日本,nihon,日本, Japan,,JPN5,,,
にっき,日記,nikki,日記,diary,,,,,
にく,肉,niku,肉,meat,,,,,
にもつ,荷物,nimotsu,行李,baggage / luggage,,,,,
にし,西,nishi,,west ,,,,,
にわ,庭,niwa,庭院,garden,,,,,
りょうり,料理,niyouri,烹飪,cooking,,,,,
の,,no,之,  ~'s/of/belonging to,,JPN5,,,
のぼる,登る,noburu,爬,to climb,,,,,
のみもの,飲み物,nomimono,喝,drink,,,,,
のむ,飲む,nomu,喝,to drink,,,,,
ノート,,nooto,筆記簿,notebook,,JPN5,,,
のりかえる,乗り換える,norikaeru,轉移,transfer,,,,,
のる,乗る,noru,上車,get on,,,,,
ぬぐ,脱ぐ,nugu,脫掉,take off (clothing),,,,,
にゅうこくかんりきょく,入国管理局,nyūkoku kanri-kyoku,入國管理局,Immigration Bureau,,,,,
おば,,oba,阿姨,aunt(When talking about your own aunt),,,,,
おばあさん,お婆さん,obaasan,,grandmother (other's),,,,,
おばさん,,obasan,阿姨,aunt,,,,,
おぼえる,覚える,oboeru,記住,to remember,,,,,
おちゃ,お茶,ocha,茶,tea,,JPN5,,,
おいしい,,oishī,美味,delicious,,,,,
おいしい,美味しい,oishii,好味, delicious,,JPN5,,,
おじ,,oji,叔叔,uncle(When talking about your own uncle),,,,,
おじいさん,お爺さん,ojiisan,,grandfather (other's),,,,,
おじさん,,ojisan,叔叔,uncle,,,,,
おかあさん,お母さん,okaasan,母親(別人),mom (when referring to someone else's mother),,JPN5,,,
おかし,お菓子,okashi,糖果,sweets,,,,,
おおきい,大きい,oki,大的,big,,,,,
おきなわ,沖縄,okinawa,沖縄,Okinawa,,,,,
おきる,起きる,okiru,起床,to get up,,,,,
おこのみやき,お好み焼き,okonomiyaki,禦好燒,okonomiyaki(savory pancake),,,,,
おく,億,oku,億, one hundred million,,JPN5,,,
おく,置く,oku,留下/放下,to put down,,,,,
おくる,送る,okuru,送/寄,to send,,,,,
おくさん,奥さん,okusan,妻子(別人),wife (when referring to someone else's wife),,JPN5,,,
おまわりさん,お巡りさん,omawarisan,,police officer,,,,,
おみやげ,,omiyage,手信,souvenir,,,,,
おもしろい,面白い,omoshiroi,有趣的,interesting,,,,,
おもう,思う,omou,想,to think,,,,,
おなじ,同じ,onaji,相同,same,,JPN5,,,
おなか,お腹,onaka,胃,stomach,,,,,
おねえさん,お姉さん,onesan,年輕的女士,elder sister,,,,,
おんがく,音楽,ongaku,音樂,music,,,,,
おにぎり,,onigiri,飯糰,rice ball,,n,,,
おにいさん,お兄さん,oniisan,兄(別人), elder brother,,JPN5,,,
おんな,女,onna,女人,woman,,,,,
おんなのこ,女の子,onnanoko,,girl ,,,,,
おんせん,温泉,onsen,溫泉,Onsen,,,,,
おおきい,大きい,ookii,大, big,,JPN5,,,
おれ,俺,ore,我(男子用自稱), I (used by men),,,,,
おりる,降りる,oriru,下車,get off,,,,,
おおさかじょう,大阪城,Ōsakajiyou,大阪城, Osaka Castle,,,,,
おさけ,お酒,osake,酒,alcohol,,,,,
おしえる,教える,oshieru,教,to teach,,G1,,,
おそい,遅い,osoi,慢的,late/slow,,,,,
おてあらい,お手洗い,otearai,洗手間, restroom,,JPN5,,,
おとこ,男,otoko,男人,man,,,,,
おとこのこ,男の子,otokonoko,,boy ,,,,,
おとな,大人,otona,,adult ,,,,,
おとうと,弟,otooto,弟弟,younger brother,,JPN5,,,
おとうとさん,弟さん,otootosan,,younger brother (other's),,,,,
おととい,,ototoi,前天, the day before,,JPN5,,,
おととし,一昨年,ototoshi,,year before,last,,,,
おわる,終わる,owaru,結束,to end,,,,,
おや,親,oya,,parent,,,,,
およぐ,泳ぐ,oyugu,游泳,to swim,,G1,,,
パーティー,ぱあてぃい,paatii,派對, party,,JPN5,,,
パン,,pan,麵包,bread,,,,,
ぱんや,パン屋,panya,麵包店,bakery,,,,,
パソコン,,pasokon,個人電腦,personal computer,,JPN5,,,
ピアノ,,piano,鋼琴,piano,,,,,
ピンク,,pinku,粉紅色,pink,,,,,
ピザ,,piza,披薩,pizza,,,,,
ぽけっと（ポケット）,,poketto,,pocket,,,,,
プレゼント,ぷれぜんと,purezento,禮物, present,,JPN5,,,
プール,,puuru,游泳池,pool,,,,,
らいげつ,来月,raigetsu,下個月, next month,,JPN5,,,
らいねん,来年,rainen,明年, next year,,JPN5,,,
らいしゅう,来週,raishuu,下周, next week,,JPN5,,,
ラジオ,,rajio,收音機,radio,,,,,
ラーメン,（らあめん）,ramen,拉麵,ramen (Chinese-style noodles),,n,,,
れいぞうこ,冷蔵庫,reizoko,雪櫃,refrigerator,,,,,
れんしゅう,練習,renshu,練習,practice / to practice,,,,,
レンタルショップ,,rentarushoppu,出租店,rental shop,,,,,
レポート,（れぽおと）,repōto,報告,report,,n,,,
レストラン,,resutoran,餐廳,restaurant,,,,,
りっぱ,立派,ri-pa,美好的,fine / respectable,,,,,
リンゴ,,ringo,蘋果,apple,,,,,
りょこう,旅行,ryoko,旅行,trip / vacation / to travel,,,,,
りょうしん,両親,ryoushin,父母,parents,,,,,
りゅうがく,留学,ryuugaku,留學,studying abroad / to study abroad,,,,,
りゅうがくせい,留学生,ryuugakusei,留學生,international student,,,,,
さい,歳,sai,歳,～years old,,,,,
さいたま,埼玉,saitama,埼玉,Saitama,,,,,
サイズ,,saizu,大小/尺寸,size,,,,,
さかな,魚,sakana,魚,fish,,,,,
さかなや,魚屋,sakanya,魚店,fish market,,,,,
さきに,先に,sakini,,first/ahead/before ,,,,,
サッカー,,sakkaa,足球,soccer,,,,,
さくぶん,作文,sakubun,,essay ,,,,,
さくら,桜,sakura,櫻花,cherry blossom,,,,,
さむ,寒,samu,冷, cold,,JPN5,,,
さむい,寒い,samui,寒冷的 (天氣),cold (for weather),,,,,
さん,,san,先生/女士, Mr./Ms.,,JPN5,,,
サンドイッチ,,sandoitchi,三明治,sandwich,,,,,
さんぽ,散歩,sanpo,散步,a walk / a stroll,,n/G3,,,
さらいねん,再来年,sarainen,,year after,next,,,,
サラリーマン,,sarariiman,雇員, salaryman,,JPN5,,,
さとう,佐藤,sato,佐藤(姓), Sato(surname),,JPN5,,,
～さつ,～冊,satsu,冊子,counters for books,,,,,
せ,背,se,身高/背,height / back,,,,,
せびろ,背広,sebiro,,business suit,,,,,
せーたー（セーター）,,seetaa,,sweater,,,,,
せいかつ,生活,seikatsu,生活,life / to live,,,,,
せいと,生徒,seito,學生,student,,,,,
せき,席,seki,座位, Seat,,,,,
せまい,狭い,semai,狹窄,narrow,,,,,
せん,千,sen,千,thousand,,JPN5,,,
センチ,,senchi,公分,meters,,,,,
せんげつ,先月,sengetsu,上月, last month,,JPN5,,,
せんせい,先生,sensee,老師, teacher,,JPN5,,,
せんしゅう,先週,senshuu,上周, last week,,JPN5,,,
せんたくき,洗濯機,sentakki,洗衣機,washing machine,,,,,
せんたく,洗濯,sentaku,洗衣,laundry / to do laundry,,,,,
せわ,世話,sewa,關心,care / help,,,,,
しゃちょう, 社長,shachoo,社長, company president,,JPN5,,,
しゃしん,写真,shashin,写真,photograph,,JPN5,,,
しゃつ（シャツ）,,shatsu,,shirt,,,,,
シャワー,,shawaa,淋浴,shower,,,,,
しあい,試合,shiai,比賽,match / game,,,,,
しぶや,渋谷,shibuya,渋谷,Shibuya,,,,,
しごと,仕事,shigoto,工作,work,,JPN5,,,
しーでぃー（シーディー）,,shiidii,,CD,,,,,
しかし,,shikashi,但是/然而,but,,,,,
しけん,試験,shiken,試驗/考試,examination,,,,,
しんぶん,新聞,shimbun,報紙,newspaper,,JPN5,,,
しんばし,新橋,shinbashi,新橋,Shimbashi,,,,,
しんじゅく,新宿,shinjuku,新宿,Shinjuku,,,,,
しんかんせん,新幹線,shinkansen,新幹線,bullet train,,,,,
しめる,閉める,shinmeru,關閉,to close,,,,,
しんねんかい,新年会,shinnenkai,新年晚會,new year party,,,,,
しおからい,塩辛い,shiokarai,咸,salty,,,,,
しらべる,調べる,shiraberu,調查/查找,to examine / to search,,,,,
しろ,白,shiro,白色的,white,,,,,
しろい,白い,shiroi,白色的,white,,,,,
しる,知る,shiru,知道,to know,,,,,
しりょう,資料,shiryoo,資料,information / materials,,JPN5,,,
ししゃ,支社,shisha,分公司,branch office,,,,,
した,下,shita,下, under / below,,JPN5,,,
しつもん,質問,shitsumon,質問/疑問,question / to ask a question,,,,,
しやくしょ,市役所,shiyakusho,市政府,city hall,,,,,
しずか,静か,shizuka,安靜的,quiet,,,,,
しずおか,静岡,shizuoka,静岡,Shizuoka,,,,,
しょうがっこう,小学校,shōgakkō,小學,elementary school,,,,,
しょくどう ,食堂,shokudoo,食堂, dining hall / cafeteria,,JPN5,,,
しょうしゃ,商社,shosha,貿易公司,trading company,,,,,
しょうがくせい,小学生,shougakusei,小學生,elementary school student,,,,,
しゅじん／おっと,主人／夫,shujin / otto,,husband (your own),,,,,
しゅくだい,宿題,shukudai,功課,homework,,,,,
しゅくじつ,祝日,shukujitsu,假日, holiday,,JPN5,,,
しゅっせき,出席,shusseki,出席,attendance / to attend,,,,,
しゅっちょう,出張,shutcho,出差,a business trip,,,,,
しゅう,週,shuu,周, week,,JPN5,,,
しゅうまつ,週末,shuumatsu,周末, weekend,,JPN5,,,
そぼ,祖母,sobo,,grandmother (your own),,,,,
そっち,其方,socchi,,there ,,,,,
そちら,,sochira,那兒(方位), that side / that place (polite) that place (polite),,JPN5,,,
そふ,祖父,sofu,,grandfather (your own),,,,,
そうじ,掃除,soji,打掃,clean / to clean,,,,,
そこ,,soko,那裏, there,,JPN5,,,
その,,sono,那,that,,JPN5,,,
そら,空,sora,天空,sky,,,,,
それ,,sore,那,that,,JPN5,,,
そと,外,soto,外面, outside,,JPN5,,,
すぐ,,sugu,快速,close by / immediately,,,,,
すいようび,水曜日,suiyoubi,星期三, Wednesday,,JPN5,,,
すかーと（スカート）,,sukaato,,skirt,,,,,
スキー,,suki,滑雪,skiing,,,,,
すき,好き,suki,喜歡,like,,,,,
スキーじょう,スキー場,sukiba,滑雪勝地,ski resort,,,,,
すこし,少し,sukoshi,稍微/一點,a little,,,,,
すむ,住む,sumu,居住,to live,,,,,
スポーツ,,supootsu,體育運動,sports / to do sports,,,,,
すっぱい,酸っぱい,suppai,酸,sour,,,,,
する,,suru,做,to do,,G3,,,
すし,寿司,sushi,壽司,sushi,,n,,,
すとーぶ（ストーブ）,,sutoobu,,stove,,,,,
すう,吸う,suu,吸入,to smoke,,,,,
スーパー,すうぱあ,suupaa,超級市場, supermarket,,JPN5,,,
すわる,座る,suwaru,坐,to sit,,,,,
すずき,鈴木,Suzuki,鈴木(姓), Suzuki(surname),,JPN5,,,
タバコ,,tabako,烟草,tobacco,,,,,
たべもの,食べ物,tabemono,食物,food,,,,,
たべる,食べる,taberu,吃,to eat,,,,,
タイ,,tai,泰國,Thailand,,,,,
たいへん,大変,taihen,難的,difficult / hard,,,,,
たいいくかん,体育館,taiikukan,健身房,gym,,,,,
たいしかん,大使館,taishikan,大使館,embassy,,,,,
たかい,高い,takai,高/貴,high / tall / expensive,,,,,
たっきゅう,卓球,takkyu,乒乓球,table tennis / ping-pong,,,,,
たこやき,たこ焼き,takoyaki,章魚燒,takoyaki,,,,,
たくさん,,taksan,很多,many,,,,,
タクシー,,takushii,出租車,taxi,,,,,
たくや,拓也,takuya,拓也,Takuya (a Japanese boy's first name),,,,,
たんご,単語,tango,單詞,word,,,,,
たんじょうび,誕生日,tanjoubi,生日, birthday,,JPN5,,,
たのむ,頼む,tanomu,請求,to ask / request,,,,,
たのしい,楽しい,tanoshī,樂趣,fun,,,,,
たてもの,建物,tatemono,大樓,building,,,,,
たつ,立つ,tatsu,立/站,to stand,,,,,
て,手,te,手,hand,,,,,
てちょう,手帳,techoo,手帳,pocket notebook,,JPN5,,,
てーぶる（テーブル）,,teeburu,,table,,,,,
テープ,,teepu,條/帶,tape,,,,,
てがみ,手紙,tegami,信,letter,,,,,
ていしょく,定食,teishoku,套餐,set meal,,,,,
てんぷら,,tempura,天婦羅,tempura,,n,,,
てんちょう,店長,tencho,店長,store manager,,,,,
てんいん,店員,tenin,職員,clerk / cashier,,,,,
てんき,天気,tenki,天氣,weather,,,,,
てれび（テレビ）,,terebi,,television,,,,,
テレビドラマ,,terebi dorama,電視劇,TV drama,,,,,
テスト,,tesuto,測驗,test,,,,,
てつだう,手伝う,tetsudau,幫忙,to help,,,,,
と,,to,和/與, and / with,,JPN5,,,
とぶ,飛ぶ,tobu,飛翔,to fly,,,,,
とても,,todemo,非常,very,,,,,
トイレ,,toire,厠所, toilet,,JPN5,,,
とけい,時計,tokei,鐘,clock,,JPN5,,,
とき,時,toki,時間,time,,,,,
ときどき,時々,tokidoki,,sometimes ,,,,,
ところ,所,tokoro,地方,place,,,,,
とまる,泊まる,tomaru,停留,to stay the night,,,,,
とめる,止める,tomeru,停止,to stop / turn off,,,,,
ともだち,友達,tomodachi,朋友, friend,,JPN5,,,
となり,隣,tonari,隔壁, next to,,JPN5,,,
とおい,遠い,tooi,遠,far,,,,,
とり,鳥,tori,鳥,bird,,,,,
とりにく,鶏肉,toriniku,鶏肉,chicken,,,,,
とる,撮る,toru,錄製,to take (a picture / video),,,,,
としょかん,図書館,toshokan,圖書館, library,,JPN5,,,
つぎ,次,tsugi,下次,next,,,,,
つかれる,疲れる,tsukareru,疲勞的,to get tired,,,,,
つかう,使う,tsukau,使用,to use,,,,,
つける,点ける,tsukeru,打開,to turn on,,,,,
つく,着く,tsuku,到達,arrive at / reach,,,,,
つくえ,机,tsukue,書桌,desk,,JPN5,,,
つくる,作る,tsukuru,制作,to make,,,,,
つま,妻,tsuma,妻子(自己),wife (When talking to your own wife),,JPN5,,,
つめたい,冷たい,tsumetai,寒冷的 (物件),cool (for objects),,,,,
からい,辛い,tsurai,辣,spicy,,,,,
つとめる,勤める,tsutomeru,工作,to work,,,,,
うち,家,uchi,家,home,,,,,
うでどけい,腕時計,udedokei,手錶,watch,,,,,
うどん,,udon,烏冬,wuudon,,,,,
うえ,上,ue,上, top / on / above,,JPN5,,,
うえの,上野,ueno,上野,Ueno,,,,,
うけつけ,受付,uketsuke,接待處, reception desk,,JPN5,,,
うまい,,umai,好的,delicious / skillful / good (at),,,,,
うまれる,生まれる,umareru,出生,to be born,,,,,
うみ,海,umi,海,sea,,,,,
うんてん,運転,unten,駕駛,driving / to drive,,,,,
うんてんしゅ,運転手,untenshu,司機,driver,,,,,
うる,売る,uru,賣,to sell,,,,,
うしろ,後ろ,ushiro,后, the back,,JPN5,,,
うすい,薄い,usui,薄,thin,,,,,
うた,歌,uta,歌曲,song,,,,,
うたう,歌う,utau,唱歌,to sing,,,,,
～だい,～台,utena,台,counters for machines and vehicles,,,,,
うわぎ,上着,uwagi,上衣,jacket,,,,,
ウェイトレス,,waetoresu,女服務生,waitress,,,,,
わかる,分かる,wakaru,了解,to understand,,,,,
わね,,wane,緩和說話語氣,to express depth of feeling or emphasis,,,,,
わるい,悪い,warui,壞的,bad,,,,,
わすれる,忘れる,wasureru,忘記,to forget,,,,,
わたし,私,watashi,我, I,,JPN5,,,
わたす,渡す,watasu,交出,to hand over,,,,,
どっち,docchi,which,, ,,,,,
やきにく,焼肉,yakiniku,焼肉,Japanese grilled beef,,,,,
やきそば,焼きそば,yakisoba,fried noodles,,,,,,
やきゅう,野球,yakyu,棒球,baseball,,,,,
やま,山,yama,山,mountain,,,,,
やまだ,山田,yamada,山田(姓), Yamada(surname),,JPN5,,,
やまなし,山梨,yamanashi,山梨,Yamanashi,,,,,
やおや,八百屋,yaoya,蔬果店, vegetable shop,,JPN5,,,
やさい,野菜,yasai,蔬菜,vegetable,,,,,
やさしい,易しい,yasashī,簡單的,easy / simple,,,,,
やすむ,休む,yashumu,休息,to rest,,n,,,
やすい,安い,yasui,便宜的,cheap,,,,,
やすみ,休み,yasumi,假期, rest/a day off,,JPN5,,,
えん,円,yen,日元/圓,yen,,,,,
ようじ,用事,yoji,公務/差事,errand,,,,,
よこ,横,yoko,,next to,,,,,
よく,,yoku,經常/好,often / well,,,,,
ヨーロッパ,,yooroppa,歐洲,Europe,,,,,
いい、よい,良い,yori,好的,good,,,,,
より,,yori,比較,than,,,,,
よる,夜,yoru,夜晚, night,,JPN5,,,
よやく,予約,yoyaku,預約/預訂,reservation / to book,,,,,
ゆうえんち,遊園地,yuenchi,遊樂園,amusement park,,,,,
ゆき,雪,yuki,snow,,,,,,
ゆっくり,,yukkuri,,slowly,,,,,
ゆうめい,有名,yumei,著名的,famous,,,,,
ゆうびんきょく,郵便局,yuubinkyoku,郵局, post office,,JPN5,,,
ゆうがた,夕方,yuugata,,evening ,,,,,
ざんねん,残念,zan'nen,失望,regret / pity,,な-adj.,,,
ざんねん,残念,zannen,令人失望的,regrettable,,,,,
ざっし,雑誌,zasshi,雜誌,magazine,,JPN5,,,
ぜんぶ,全部,zembu,全部,all,,JPN5,,,
ぜんかい,前回,zenkai,上一次,last time,,,,,
ぜんぜん,全然,zenzen,一點也不,not at all,,,,,
ずぼん（ズボン）,,zubon,褲子,pants,,,,,
よぶ,呼ぶ,yobu,呼喚,to call,,,,,
そば,,soba,蕎麥麵,Soba (Japanese buckwheat noodles),,,,,
～ちゃん,,chan,"""醬"",女孩稱呼",suffix added to a girl's first name,,,,,
～くん,,kun,"""君"",男孩稱呼",suffix added to a boy's first name,,,,,
どの,殿,tono,殿下/尊稱,lord,,,,,
さま,樣,sama,大人/尊稱,"mr/mrs/ms, master",,,,,